"section","source","sha256"
"1","cargo adler2 2.0.1 / LICENSE-0BSD","861399f8c21c042b110517e76dc6b63a2b334276c8cf17412fc3c8908ca8dc17"
"2","cargo adler2 2.0.1 / LICENSE-MIT","23f18e03dc49df91622fe2a76176497404e46ced8a715d9d2b67a7446571cca3"
"2","cargo anyhow 1.0.104 / LICENSE-MIT","23f18e03dc49df91622fe2a76176497404e46ced8a715d9d2b67a7446571cca3"
"2","cargo erased-serde 0.4.10 / LICENSE-MIT","23f18e03dc49df91622fe2a76176497404e46ced8a715d9d2b67a7446571cca3"
"2","cargo event-listener 5.4.2 / LICENSE-MIT","23f18e03dc49df91622fe2a76176497404e46ced8a715d9d2b67a7446571cca3"
"2","cargo itoa 1.0.18 / LICENSE-MIT","23f18e03dc49df91622fe2a76176497404e46ced8a715d9d2b67a7446571cca3"
"2","cargo once_cell 1.21.4 / LICENSE-MIT","23f18e03dc49df91622fe2a76176497404e46ced8a715d9d2b67a7446571cca3"
"2","cargo parking 2.2.1 / LICENSE-MIT","23f18e03dc49df91622fe2a76176497404e46ced8a715d9d2b67a7446571cca3"
"2","cargo pin-project-lite 0.2.17 / LICENSE-MIT","23f18e03dc49df91622fe2a76176497404e46ced8a715d9d2b67a7446571cca3"
"2","cargo semver 1.0.28 / LICENSE-MIT","23f18e03dc49df91622fe2a76176497404e46ced8a715d9d2b67a7446571cca3"
"2","cargo serde 1.0.229 / LICENSE-MIT","23f18e03dc49df91622fe2a76176497404e46ced8a715d9d2b67a7446571cca3"
"2","cargo serde_core 1.0.229 / LICENSE-MIT","23f18e03dc49df91622fe2a76176497404e46ced8a715d9d2b67a7446571cca3"
"2","cargo serde_json 1.0.151 / LICENSE-MIT","23f18e03dc49df91622fe2a76176497404e46ced8a715d9d2b67a7446571cca3"
"2","cargo serde-untagged 0.1.9 / LICENSE-MIT","23f18e03dc49df91622fe2a76176497404e46ced8a715d9d2b67a7446571cca3"
"2","cargo thiserror 2.0.20 / LICENSE-MIT","23f18e03dc49df91622fe2a76176497404e46ced8a715d9d2b67a7446571cca3"
"2","cargo thiserror 1.0.69 / LICENSE-MIT","23f18e03dc49df91622fe2a76176497404e46ced8a715d9d2b67a7446571cca3"
"2","cargo typeid 1.0.3 / LICENSE-MIT","23f18e03dc49df91622fe2a76176497404e46ced8a715d9d2b67a7446571cca3"
"2","cargo zmij 1.0.23 / LICENSE-MIT","23f18e03dc49df91622fe2a76176497404e46ced8a715d9d2b67a7446571cca3"
"3","cargo aes 0.8.4 / LICENSE-MIT","f7e8ab639afef15573680c97f796166835cbeb3865175882fea41c60d106b733"
"4","cargo ahash 0.8.12 / LICENSE-MIT","0444c6991eead6822f7b9102e654448d51624431119546492e8b231db42c48bb"
"5","cargo aho-corasick 1.1.5 / COPYING","01c266bced4a434da0051174d6bee16a4c82cf634e2679b6155d40d75012390f"
"5","cargo byteorder 1.5.0 / COPYING","01c266bced4a434da0051174d6bee16a4c82cf634e2679b6155d40d75012390f"
"5","cargo memchr 2.8.3 / COPYING","01c266bced4a434da0051174d6bee16a4c82cf634e2679b6155d40d75012390f"
"5","cargo same-file 1.0.6 / COPYING","01c266bced4a434da0051174d6bee16a4c82cf634e2679b6155d40d75012390f"
"5","cargo walkdir 2.5.0 / COPYING","01c266bced4a434da0051174d6bee16a4c82cf634e2679b6155d40d75012390f"
"5","cargo winapi-util 0.1.11 / COPYING","01c266bced4a434da0051174d6bee16a4c82cf634e2679b6155d40d75012390f"
"6","cargo aho-corasick 1.1.5 / LICENSE-MIT","0f96a83840e146e43c0ec96a22ec1f392e0680e6c1226e6f3ba87e0740af850f"
"6","cargo byteorder 1.5.0 / LICENSE-MIT","0f96a83840e146e43c0ec96a22ec1f392e0680e6c1226e6f3ba87e0740af850f"
"6","cargo memchr 2.8.3 / LICENSE-MIT","0f96a83840e146e43c0ec96a22ec1f392e0680e6c1226e6f3ba87e0740af850f"
"6","cargo walkdir 2.5.0 / LICENSE-MIT","0f96a83840e146e43c0ec96a22ec1f392e0680e6c1226e6f3ba87e0740af850f"
"7","cargo alloc-no-stdlib 2.0.4 / LICENSE","c0c56f26d9c051cac4d200c34c84e7ae9aaa853e01a982a1df08b09931e518ae"
"7","cargo brotli 8.0.4 / LICENSE.BSD-3-Clause","c0c56f26d9c051cac4d200c34c84e7ae9aaa853e01a982a1df08b09931e518ae"
"7","cargo brotli-decompressor 5.0.3 / LICENSE","c0c56f26d9c051cac4d200c34c84e7ae9aaa853e01a982a1df08b09931e518ae"
"8","cargo allocator-api2 0.2.21 / LICENSE-MIT","36516aefdc84c5d5a1e7485425913a22dbda69eb1930c5e84d6ae4972b5194b9"
"9","cargo arrayvec 0.7.8 / LICENSE-MIT","4da95ec4ecb65b738d470b7d762894ad9c97da93e6cbfb18b570fc2c96f4b871"
"10","cargo atoi 2.0.0 / LICENSE","afb11426e09da40a1ae4f8fa17ddcc6b6a52d14df04c29bc5bcd06eb8730624d"
"11","cargo base64 0.22.1 / LICENSE-MIT","0dd882e53de11566d50f8e8e2d5a651bcf3fabee4987d70f306233cf39094ba7"
"12","cargo bitflags 2.13.1 / LICENSE-MIT","6485b8ed310d3f0340bf1ad1f47645069ce4069dcc6bb46c7d5c6faf41de1fdb"
"12","cargo glob 0.3.4 / LICENSE-MIT","6485b8ed310d3f0340bf1ad1f47645069ce4069dcc6bb46c7d5c6faf41de1fdb"
"12","cargo log 0.4.34 / LICENSE-MIT","6485b8ed310d3f0340bf1ad1f47645069ce4069dcc6bb46c7d5c6faf41de1fdb"
"12","cargo num-traits 0.2.19 / LICENSE-MIT","6485b8ed310d3f0340bf1ad1f47645069ce4069dcc6bb46c7d5c6faf41de1fdb"
"12","cargo regex 1.13.1 / LICENSE-MIT","6485b8ed310d3f0340bf1ad1f47645069ce4069dcc6bb46c7d5c6faf41de1fdb"
"12","cargo regex-automata 0.4.18 / LICENSE-MIT","6485b8ed310d3f0340bf1ad1f47645069ce4069dcc6bb46c7d5c6faf41de1fdb"
"12","cargo regex-syntax 0.8.11 / LICENSE-MIT","6485b8ed310d3f0340bf1ad1f47645069ce4069dcc6bb46c7d5c6faf41de1fdb"
"13","cargo block-buffer 0.10.4 / LICENSE-MIT","d5c22aa3118d240e877ad41c5d9fa232f9c77d757d4aac0c2f943afc0a95e0ef"
"14","cargo brotli 8.0.4 / LICENSE.MIT","3d180008e36922a4e8daec11c34c7af264fed5962d07924aea928c38e8663c94"
"15","cargo bumpalo 3.20.3 / LICENSE-MIT","65f94e99ddaf4f5d1782a6dae23f35d4293a9a01444a13135a6887017d353cee"
"16","cargo bytes 1.12.1 / LICENSE","45f522cacecb1023856e46df79ca625dfc550c94910078bd8aec6e02880b3d42"
"17","cargo bzip2 0.5.2 / LICENSE-MIT","c8c6324cf2f0f076e3ed5dea4a21f00bd4dd6fce44f72b110bc52e7fe06f6e1e"
"17","cargo bzip2-sys 0.1.13+1.0.8 / LICENSE-MIT","c8c6324cf2f0f076e3ed5dea4a21f00bd4dd6fce44f72b110bc52e7fe06f6e1e"
"18","cargo cfb 0.7.3 / LICENSE","ebaac853b53fec0ed475796f533ce676912a4df9ad9d8a621fa76d5060591e10"
"19","cargo cfg-if 1.0.4 / LICENSE-MIT","378f5840b258e2779c39418f3f2d7b2ba96f1c7917dd6be0713f88305dbda397"
"19","cargo socket2 0.6.5 / LICENSE-MIT","378f5840b258e2779c39418f3f2d7b2ba96f1c7917dd6be0713f88305dbda397"
"20","cargo cipher 0.4.4 / LICENSE-MIT","5c7bd92d1f096f12203dc1b601e3cb17484fa1b023e30b6b8edcc80e416237ec"
"21","cargo constant_time_eq 0.3.1 / LICENSE-CC0","a2010f343487d3f7618affe54f789f5487602331c0a8d03f49e9a7c547cf0499"
"21","cargo dunce 1.0.5 / LICENSE","a2010f343487d3f7618affe54f789f5487602331c0a8d03f49e9a7c547cf0499"
"22","cargo constant_time_eq 0.3.1 / LICENSE-MIT0","9a3aeb3f63659c4c6302d315e1d98784d1e8559858a47ff9562e091bb922d28d"
"23","cargo cookie 0.18.2 / LICENSE-MIT","f28420c1906af38be726cd7842798f0194b27c41d6051c0d1e9ee348b8a4a0ea"
"24","cargo cpufeatures 0.2.17 / LICENSE-MIT","ae9baa7beea910273c2f384c2a6b721fb7bd02bda3436074a1072e4ee689f985"
"25","cargo crc 3.4.0 / LICENSE-MIT","3488679340a49ecc34d342c4009d2dabf76f4a21f12aec2ca99b15805d656544"
"26","cargo crc32fast 1.5.1 / LICENSE-MIT","61d383b05b87d78f94d2937e2580cce47226d17823c0430fbcad09596537efcf"
"27","cargo crossbeam-channel 0.5.16 / LICENSE-MIT","5734ed989dfca1f625b40281ee9f4530f91b2411ec01cb748223e7eb87e201ab"
"27","cargo crossbeam-queue 0.3.13 / LICENSE-MIT","5734ed989dfca1f625b40281ee9f4530f91b2411ec01cb748223e7eb87e201ab"
"27","cargo crossbeam-utils 0.8.22 / LICENSE-MIT","5734ed989dfca1f625b40281ee9f4530f91b2411ec01cb748223e7eb87e201ab"
"28","cargo crossbeam-channel 0.5.16 / LICENSE-THIRD-PARTY","b16db96b93b1d7cf7bea533f572091ec6bca3234fbe0a83038be772ff391a44c"
"29","cargo crypto-common 0.1.7 / LICENSE-MIT","3521672491a3479422d5fe1aca6645dd2984090f85da6e5205abfb18fb7a6897"
"30","cargo ctor 0.8.0 / LICENSE-MIT","bccaa8b6c09f94e81f06696e179dbe058464bbdfbc823b6d49cada1d71e84ac3"
"31","cargo deflate64 0.1.12 / LICENSE","86b5aedec040ac6eab419af61a8f0aea48ab0037c4b764e5cff5df15bee40df2"
"32","cargo deranged 0.5.8 / LICENSE-MIT","231c837c45eb53f108fb48929e488965bc4fcc14e9ea21d35f50e6b99d98685b"
"33","cargo digest 0.10.7 / LICENSE-MIT","9e0dfd2dd4173a530e238cb6adb37aa78c34c6bc7444e0e10c1ab5d8881f63ba"
"33","cargo hmac 0.12.1 / LICENSE-MIT","9e0dfd2dd4173a530e238cb6adb37aa78c34c6bc7444e0e10c1ab5d8881f63ba"
"34","cargo dirs 6.0.0 / LICENSE-MIT","6a2e0ade09a7d5f816f11566fee2b151b32235a7fad52b41d49cce96f833c1a9"
"34","cargo dirs-sys 0.5.0 / LICENSE-MIT","6a2e0ade09a7d5f816f11566fee2b151b32235a7fad52b41d49cce96f833c1a9"
"35","cargo dpi 0.1.2 / LICENSE","6dc0e068dcf3a5bc8e054205b85b7720e1d49265bbc64bf515d2cf79197df69a"
"35","cargo tao 0.35.3 / LICENSE","6dc0e068dcf3a5bc8e054205b85b7720e1d49265bbc64bf515d2cf79197df69a"
"36","cargo dpi 0.1.2 / LICENSE-LIBM-MIT","9eff396a99bafd208e7126602420d6864f6066c08b84485a5b032320a9c01997"
"37","cargo either 1.18.0 / LICENSE-MIT","7576269ea71f767b99297934c0b2367532690f8c4badc695edf8e04ab6a1e545"
"37","cargo serde_with 3.22.0 / LICENSE-MIT","7576269ea71f767b99297934c0b2367532690f8c4badc695edf8e04ab6a1e545"
"38","cargo equivalent 1.0.2 / LICENSE-MIT","7365cc8878a1d7ce155a58c4ca09c3d7a6be413efa5334a80ea842912b669349"
"39","cargo fallible-iterator 0.3.0 / LICENSE-MIT","0816e154b159ba255c563f7c8c7df5bbb8cc5fc96f5ab8cf9f4743b4f41fe7eb"
"40","cargo fallible-streaming-iterator 0.1.9 / LICENSE-MIT","8dcec5569a9be5b0e086c80faed6f1aefa670af0ec29cecc2f714303096887e0"
"41","cargo flate2 1.1.9 / LICENSE-MIT","025436edff4cfcdde17a5811fdea78892d8482efd1abdec5a17872d07a4f2112"
"42","cargo flume 0.11.1 / LICENSE-MIT","30fefc3a7d6a0041541858293bcbea2dde4caa4c0a5802f996a7f7e8c0085652"
"43","cargo fnv 1.0.7 / LICENSE-MIT","65fdb6c76cd61612070c066eec9ecdb30ee74fb27859d0d9af58b9f499fd0c3e"
"44","cargo foldhash 0.1.5 / LICENSE","b1181a40b2a7b25cf66fd01481713bc1005df082c53ef73e851e55071b102744"
"45","cargo form_urlencoded 1.2.2 / LICENSE-MIT","20c7855c364d57ea4c97889a5e8d98470a9952dade37bd9248b9a54431670e5e"
"46","cargo futures-channel 0.3.34 / LICENSE-MIT","6652c868f35dfe5e8ef636810a4e576b9d663f3a17fb0f5613ad73583e1b88fd"
"46","cargo futures-core 0.3.34 / LICENSE-MIT","6652c868f35dfe5e8ef636810a4e576b9d663f3a17fb0f5613ad73583e1b88fd"
"46","cargo futures-executor 0.3.34 / LICENSE-MIT","6652c868f35dfe5e8ef636810a4e576b9d663f3a17fb0f5613ad73583e1b88fd"
"46","cargo futures-io 0.3.34 / LICENSE-MIT","6652c868f35dfe5e8ef636810a4e576b9d663f3a17fb0f5613ad73583e1b88fd"
"46","cargo futures-sink 0.3.34 / LICENSE-MIT","6652c868f35dfe5e8ef636810a4e576b9d663f3a17fb0f5613ad73583e1b88fd"
"46","cargo futures-task 0.3.34 / LICENSE-MIT","6652c868f35dfe5e8ef636810a4e576b9d663f3a17fb0f5613ad73583e1b88fd"
"46","cargo futures-util 0.3.34 / LICENSE-MIT","6652c868f35dfe5e8ef636810a4e576b9d663f3a17fb0f5613ad73583e1b88fd"
"47","cargo futures-intrusive 0.5.0 / LICENSE-MIT","161c4bcb09e94e97cf5d917129bbd78574ca2238704d602465cd54ebb9e570d6"
"48","cargo generic-array 0.14.7 / LICENSE","c09aae9d3c77b531f56351a9947bc7446511d6b025b3255312d3e3442a9a7583"
"49","cargo getrandom 0.3.4 / LICENSE-MIT","29e9fe5074bd27e0e5d5d110394fbbcd841baee2651a3c4b4560a632702cede4"
"50","cargo hashbrown 0.17.1 / LICENSE-MIT","ff8f68cb076caf8cefe7a6430d4ac086ce6af2ca8ce2c4e5a2004d4552ef52a2"
"50","cargo hashbrown 0.15.5 / LICENSE-MIT","ff8f68cb076caf8cefe7a6430d4ac086ce6af2ca8ce2c4e5a2004d4552ef52a2"
"50","cargo hashbrown 0.14.5 / LICENSE-MIT","ff8f68cb076caf8cefe7a6430d4ac086ce6af2ca8ce2c4e5a2004d4552ef52a2"
"51","cargo hashlink 0.10.0 / LICENSE-MIT","e915669a595b11a200873df8286561881b0e04932f6412a585db6297ba0bc97c"
"51","cargo hashlink 0.9.1 / LICENSE-MIT","e915669a595b11a200873df8286561881b0e04932f6412a585db6297ba0bc97c"
"52","cargo heck 0.5.0 / LICENSE-MIT","7b63ecd5f1902af1b63729947373683c32745c16a10e8e6292e2e2dcd7e90ae0"
"52","cargo unicode-segmentation 1.13.3 / LICENSE-MIT","7b63ecd5f1902af1b63729947373683c32745c16a10e8e6292e2e2dcd7e90ae0"
"53","cargo http 1.5.0 / LICENSE-MIT","dc91f8200e4b2a1f9261035d4c18c33c246911a6c0f7b543d75347e61b249cff"
"54","cargo icu_collections 2.3.0 / LICENSE","f367c1b8e1aa262435251e442901da4607b4650e0e63a026f5044473ecfb90f2"
"54","cargo icu_locale_core 2.3.0 / LICENSE","f367c1b8e1aa262435251e442901da4607b4650e0e63a026f5044473ecfb90f2"
"54","cargo icu_normalizer 2.3.0 / LICENSE","f367c1b8e1aa262435251e442901da4607b4650e0e63a026f5044473ecfb90f2"
"54","cargo icu_normalizer_data 2.3.0 / LICENSE","f367c1b8e1aa262435251e442901da4607b4650e0e63a026f5044473ecfb90f2"
"54","cargo icu_properties 2.3.0 / LICENSE","f367c1b8e1aa262435251e442901da4607b4650e0e63a026f5044473ecfb90f2"
"54","cargo icu_properties_data 2.3.0 / LICENSE","f367c1b8e1aa262435251e442901da4607b4650e0e63a026f5044473ecfb90f2"
"54","cargo icu_provider 2.3.1 / LICENSE","f367c1b8e1aa262435251e442901da4607b4650e0e63a026f5044473ecfb90f2"
"54","cargo litemap 0.8.3 / LICENSE","f367c1b8e1aa262435251e442901da4607b4650e0e63a026f5044473ecfb90f2"
"54","cargo potential_utf 0.1.6 / LICENSE","f367c1b8e1aa262435251e442901da4607b4650e0e63a026f5044473ecfb90f2"
"54","cargo tinystr 0.8.4 / LICENSE","f367c1b8e1aa262435251e442901da4607b4650e0e63a026f5044473ecfb90f2"
"54","cargo writeable 0.6.4 / LICENSE","f367c1b8e1aa262435251e442901da4607b4650e0e63a026f5044473ecfb90f2"
"54","cargo yoke 0.8.3 / LICENSE","f367c1b8e1aa262435251e442901da4607b4650e0e63a026f5044473ecfb90f2"
"54","cargo zerofrom 0.1.8 / LICENSE","f367c1b8e1aa262435251e442901da4607b4650e0e63a026f5044473ecfb90f2"
"54","cargo zerotrie 0.2.5 / LICENSE","f367c1b8e1aa262435251e442901da4607b4650e0e63a026f5044473ecfb90f2"
"54","cargo zerovec 0.11.8 / LICENSE","f367c1b8e1aa262435251e442901da4607b4650e0e63a026f5044473ecfb90f2"
"55","cargo idna 1.1.0 / LICENSE-MIT","b38f11f6096706e6de553dabe2a7ed142d59b6fa8c97e290c67496154745cdd5"
"55","cargo percent-encoding 2.3.2 / LICENSE-MIT","b38f11f6096706e6de553dabe2a7ed142d59b6fa8c97e290c67496154745cdd5"
"55","cargo url 2.5.8 / LICENSE-MIT","b38f11f6096706e6de553dabe2a7ed142d59b6fa8c97e290c67496154745cdd5"
"56","cargo idna_adapter 1.2.2 / LICENSE-MIT","8b43ce8accd61e9d370b5ca9e9c4f953279b5c239926c62315b40e24df51b726"
"57","cargo indexmap 2.14.0 / LICENSE-MIT","ecc269ef87fd38a1d98e30bfac9ba964a9dbd9315c3770fed98d4d7cb5882055"
"58","cargo infer 0.19.0 / LICENSE","270b0d81891aa44c7e8726cf9432dade9556a01c848bacd2f3ef839c9c1a1859"
"59","cargo inout 0.1.4 / LICENSE-MIT","304b898acad7f02e03d6d8832d682a3b43ee729ab5d3a069af5a36979083b6b4"
"60","cargo json-patch 3.0.1 / LICENSE-MIT","87f7527b1066337751f7f4d717089bf514ff8f7ee7d66c4c5b891b09e744ec11"
"61","cargo jsonptr 0.6.3 / LICENSE-MIT","2bc107bdc18a74263d20bdefdb8073e17bc1a01b6b374dc5835683a33ee5ba7d"
"62","cargo keyboard-types 0.7.0 / LICENSE-MIT","31dbbab009f1b2e59a1622d5955dfafc38ebe834000215b49d954c6f85fe927c"
"63","cargo libc 0.2.189 / LICENSE-MIT","123a331b5dbf04c30097fa43b8f858bc85df671fe776de498d01f3d6b7c1f69e"
"64","cargo libsqlite3-sys 0.30.1 / LICENSE","f59ba65550f2a5adff98ec6478d783402c8e0a3eb515025c0b3438f3d30dc39e"
"64","cargo rusqlite 0.32.1 / LICENSE","f59ba65550f2a5adff98ec6478d783402c8e0a3eb515025c0b3438f3d30dc39e"
"65","cargo lock_api 0.4.14 / LICENSE-MIT","c9a75f18b9ab2927829a208fc6aa2cf4e63b8420887ba29cdb265d6619ae82d5"
"65","cargo parking_lot 0.12.5 / LICENSE-MIT","c9a75f18b9ab2927829a208fc6aa2cf4e63b8420887ba29cdb265d6619ae82d5"
"65","cargo parking_lot_core 0.9.12 / LICENSE-MIT","c9a75f18b9ab2927829a208fc6aa2cf4e63b8420887ba29cdb265d6619ae82d5"
"66","cargo lzma-rs 0.3.0 / LICENSE","ad9f07faa5f6f671df93523293cf8c1ce24f14886fa101013c21536c7890c59b"
"67","cargo lzma-sys 0.1.20 / LICENSE-MIT","69036b033e4bb951821964dbc3d9b1efe6913a6e36d9c1f206de4035a1a85cc4"
"67","cargo xz2 0.1.7 / LICENSE-MIT","69036b033e4bb951821964dbc3d9b1efe6913a6e36d9c1f206de4035a1a85cc4"
"68","cargo mime 0.3.17 / LICENSE-MIT","df9cfd06d8a44d9a671eadd39ffd97f166481da015a30f45dfd27886209c5922"
"69","cargo miniz_oxide 0.8.9 / LICENSE","4108245a1f2df9d4e94df8abed5b4ba0759bb2f9b40a6b939f1be141077ae50b"
"70","cargo miniz_oxide 0.8.9 / LICENSE-MIT.md","799e9ca9d179295ef372f25d3769cdda7d25bb2668add6a6a1e22d1e4c678b8d"
"71","cargo miniz_oxide 0.8.9 / LICENSE-ZLIB.md","0a54e647fe54104658b5e563c04c6f9edf251710e47bce692e0bd990a4ddaa39"
"72","cargo mio 1.2.2 / LICENSE","07919255c7e04793d8ea760d6c2ce32d19f9ff02bdbdde3ce90b1e1880929a9b"
"73","cargo muda 0.19.3 / LICENSE-MIT","2ab5537b8c0cb1d475e2145b6a7994b04e7c71e6e5bd836f7f9c47c221a5ad9a"
"74","cargo muda 0.19.3 / LICENSE.spdx","b99f9d43803f2ac979c50949df630bd8eeaf2fcd1b9fdb9093710d70f5dfb63d"
"75","cargo num-conv 0.2.2 / LICENSE-MIT","e2e245f2b566d0bfafb0f6a04c16b82d710c4e6e7d799e39bb4ef6e541b85b98"
"76","cargo open 5.4.2 / LICENSE.md","e63690624d604aa626c3c62b6ead1a9f4a916d2260ac8132022acbafe2556045"
"77","cargo option-ext 0.2.0 / LICENSE.txt","66a3107d5ad6a058aab753eaac2047ccb2ed0e39465dd0fe5844da3e300d5172"
"78","cargo parking 2.2.1 / LICENSE-THIRD-PARTY","9a6d7a3c1b8edcc706c4b6c37f8dae9a77f02c7f9051df603f975db136b55419"
"79","cargo pbkdf2 0.12.2 / LICENSE-MIT","8ea5cea8ddecc46a64a004406414d25529fca7eb71cfd8c0cfe49c343bff79c5"
"80","cargo phf 0.13.1 / LICENSE","0ab4d106b6faac07fb6a051815fd1b4d862d730895e2d7d7358c2f13565e7a38"
"80","cargo phf_shared 0.13.1 / LICENSE","0ab4d106b6faac07fb6a051815fd1b4d862d730895e2d7d7358c2f13565e7a38"
"81","cargo powerfmt 0.2.0 / LICENSE-MIT","070dbc7dda03a29296f2d58bdb9b7331af90f2abc9f31df22875d1eabaf29852"
"82","cargo quick-xml 0.41.0 / LICENSE-MIT.md","5b2c207dcf571267ebe0bbdd5bf321f561ddc22ff597e7b363e96f4539507a29"
"83","cargo raw-window-handle 0.6.2 / LICENSE-MIT.md","9c5a80639a57c1c945570e7ebbca0706305849ce3c098021325cca9db2f7acc4"
"84","cargo raw-window-handle 0.6.2 / LICENSE-ZLIB.md","ae895c8576e682f310fb70d93d9f99b1dd82872094c54a8f6cdfe2ca5c2d6ecb"
"85","cargo rfd 0.16.0 / LICENSE","65fc947f4bac882a2cd104ef73c246b1b037059df9f2b3a58b7f77f0b9e56071"
"86","cargo rust_decimal 1.42.1 / LICENSE","f8218253704e32441cafea1b9b3bcb2c6a3c51c5553cd8513d179290202bccb2"
"87","cargo ryu 1.0.23 / LICENSE-APACHE","62c7a1e35f56406896d7aa7ca52d0cc0d272ac022b5d2796e7d6905db8a3636a"
"88","cargo ryu 1.0.23 / LICENSE-BOOST","c9bff75738922193e67fa726fa225535870d2aa1059f91452c411736284ad566"
"89","cargo same-file 1.0.6 / LICENSE-MIT","cb3c929a05e6cbc9de9ab06a4c57eeb60ca8c724bef6c138c87d3a577e27aa14"
"89","cargo winapi-util 0.1.11 / LICENSE-MIT","cb3c929a05e6cbc9de9ab06a4c57eeb60ca8c724bef6c138c87d3a577e27aa14"
"90","cargo scopeguard 1.2.0 / LICENSE-MIT","fb77f0a9c53e473abe5103c8632ef9f0f2874d4fb3f17cb2d8c661aab9cee9d7"
"91","cargo serde_spanned 1.1.1 / LICENSE-MIT","6efb0476a1cc085077ed49357026d8c173bf33017278ef440f222fb9cbcb66e6"
"91","cargo toml 1.1.4+spec-1.1.0 / LICENSE-MIT","6efb0476a1cc085077ed49357026d8c173bf33017278ef440f222fb9cbcb66e6"
"91","cargo toml_datetime 1.1.1+spec-1.1.0 / LICENSE-MIT","6efb0476a1cc085077ed49357026d8c173bf33017278ef440f222fb9cbcb66e6"
"91","cargo toml_parser 1.1.3+spec-1.1.0 / LICENSE-MIT","6efb0476a1cc085077ed49357026d8c173bf33017278ef440f222fb9cbcb66e6"
"91","cargo toml_writer 1.1.2+spec-1.1.0 / LICENSE-MIT","6efb0476a1cc085077ed49357026d8c173bf33017278ef440f222fb9cbcb66e6"
"92","cargo serde_urlencoded 0.7.1 / LICENSE-MIT","b9eb266294324f672cbe945fe8f2e32f85024f0d61a1a7d14382cdde0ac44769"
"93","cargo serialize-to-javascript 0.1.2 / LICENSE-MIT","e53a7165e8bc3ced5e5628404b3d2d28ecc14ad720f1c09ba28385d5151ecf93"
"94","cargo sha1 0.10.7 / LICENSE-MIT","b4eb00df6e2a4d22518fcaa6a2b4646f249b3a3c9814509b22bd2091f1392ff1"
"94","cargo sha2 0.10.9 / LICENSE-MIT","b4eb00df6e2a4d22518fcaa6a2b4646f249b3a3c9814509b22bd2091f1392ff1"
"95","cargo simd-adler32 0.3.10 / LICENSE.md","42a35170233e83e18856792e748de4c1ce4a63b2afce9a370c89ef3fe23f9f2d"
"96","cargo siphasher 1.0.3 / COPYING","c962ee4d1d05ddc138b202b2540219ebc57893fcf97b364852094a9a94ce1365"
"97","cargo slab 0.4.12 / LICENSE","8ce0830173fdac609dfb4ea603fdc002c2f4af0dc9b1a005653f5da9cf534b18"
"98","cargo smallvec 1.15.2 / LICENSE-MIT","0b28172679e0009b655da42797c03fd163a3379d5cfa67ba1f1655e974a2a1a9"
"99","cargo softbuffer 0.4.8 / LICENSE-MIT","0463bfa47d6d763d8c824333efb0e6d6df3946c13c3b077c78ed9f23ca50d0f2"
"100","cargo spin 0.9.9 / LICENSE","6ac8711fb340c62ce0a4ecd463342d3fa0e8e70de697c863a2e1c0c53006003c"
"101","cargo sqlx 0.8.6 / LICENSE-MIT","44b1600a26039a75b28e1ce154a5dd163b16549f50e34fa577d9efe9c1bae179"
"101","cargo sqlx-core 0.8.6 / LICENSE-MIT","44b1600a26039a75b28e1ce154a5dd163b16549f50e34fa577d9efe9c1bae179"
"101","cargo sqlx-sqlite 0.8.6 / LICENSE-MIT","44b1600a26039a75b28e1ce154a5dd163b16549f50e34fa577d9efe9c1bae179"
"102","cargo stable_deref_trait 1.2.1 / LICENSE-MIT","5e05b024f653a5ce199e77cbbbd42fb5553562ec714b819421ed0c3e552a75d7"
"103","cargo subtle 2.6.1 / LICENSE","d1fc1bc0d155df60b2e7705b6b2ae02a05c96f948e1cec6e2fb86360b09f346b"
"104","cargo tao 0.35.3 / LICENSE.spdx","02b6448337b757772d90e5f31caaa0f9e6afaad2221c01771d0a3deaa4d4196c"
"105","cargo tauri 2.11.5 / LICENSE_MIT","9dd42ea92cff2ede5cd477cbfcce051b2d0115c0ac7f368ee88cb545055dff1d"
"105","cargo tauri-runtime 2.11.3 / LICENSE_MIT","9dd42ea92cff2ede5cd477cbfcce051b2d0115c0ac7f368ee88cb545055dff1d"
"105","cargo tauri-runtime-wry 2.11.4 / LICENSE_MIT","9dd42ea92cff2ede5cd477cbfcce051b2d0115c0ac7f368ee88cb545055dff1d"
"105","cargo tauri-utils 2.9.3 / LICENSE_MIT","9dd42ea92cff2ede5cd477cbfcce051b2d0115c0ac7f368ee88cb545055dff1d"
"105","npm @tauri-apps/api 2.11.1 / LICENSE_MIT","9dd42ea92cff2ede5cd477cbfcce051b2d0115c0ac7f368ee88cb545055dff1d"
"106","cargo tauri-plugin-dialog 2.7.2 / LICENSE.spdx","eb8a6c84630461b352badcab1dbe5d0168c56d377358b2b8c86b51003272d5ef"
"106","cargo tauri-plugin-fs 2.5.1 / LICENSE.spdx","eb8a6c84630461b352badcab1dbe5d0168c56d377358b2b8c86b51003272d5ef"
"106","cargo tauri-plugin-opener 2.5.4 / LICENSE.spdx","eb8a6c84630461b352badcab1dbe5d0168c56d377358b2b8c86b51003272d5ef"
"106","cargo tauri-plugin-sql 2.4.0 / LICENSE.spdx","eb8a6c84630461b352badcab1dbe5d0168c56d377358b2b8c86b51003272d5ef"
"106","npm @tauri-apps/plugin-dialog 2.7.2 / LICENSE.spdx","eb8a6c84630461b352badcab1dbe5d0168c56d377358b2b8c86b51003272d5ef"
"106","npm @tauri-apps/plugin-opener 2.5.4 / LICENSE.spdx","eb8a6c84630461b352badcab1dbe5d0168c56d377358b2b8c86b51003272d5ef"
"107","cargo tauri-plugin-dialog 2.7.2 / LICENSE_MIT","89ff9689dcf9dd53968785d05a26f7898bb169dbfcada8d032b3e68cf0d55607"
"107","cargo tauri-plugin-fs 2.5.1 / LICENSE_MIT","89ff9689dcf9dd53968785d05a26f7898bb169dbfcada8d032b3e68cf0d55607"
"107","cargo tauri-plugin-opener 2.5.4 / LICENSE_MIT","89ff9689dcf9dd53968785d05a26f7898bb169dbfcada8d032b3e68cf0d55607"
"107","cargo tauri-plugin-sql 2.4.0 / LICENSE_MIT","89ff9689dcf9dd53968785d05a26f7898bb169dbfcada8d032b3e68cf0d55607"
"108","cargo time 0.3.55 / LICENSE-MIT","2537228d9a1b44a5dc595241349cae7090b326c8de165aaf89bfddef4a00d0fc"
"108","cargo time-core 0.1.9 / LICENSE-MIT","2537228d9a1b44a5dc595241349cae7090b326c8de165aaf89bfddef4a00d0fc"
"109","cargo tokio 1.53.1 / LICENSE","253cd04c6714889df2d32f3f64d669179a1c95c76ac43c40882c52eb06bc3552"
"109","cargo tokio-stream 0.1.19 / LICENSE","253cd04c6714889df2d32f3f64d669179a1c95c76ac43c40882c52eb06bc3552"
"110","cargo tracing 0.1.44 / LICENSE","898b1ae9821e98daf8964c8d6c7f61641f5f5aa78ad500020771c0939ee0dea1"
"110","cargo tracing-core 0.1.36 / LICENSE","898b1ae9821e98daf8964c8d6c7f61641f5f5aa78ad500020771c0939ee0dea1"
"111","cargo typenum 1.20.1 / LICENSE","db11fec9946737df39ca3898d9cd8c10ec6f6c3a884a6802b0ad0b81b4e8f23a"
"112","cargo typenum 1.20.1 / LICENSE-MIT","a825bd853ab71619a4923d7b4311221427848070ff44d990da39b0b274c1683f"
"113","cargo urlpattern 0.3.0 / LICENSE","5cf1c9dc617e4cad7fa03181ff893601ad5243aa3be527ef39034e1cd6377676"
"114","cargo utf8_iter 1.0.4 / LICENSE-MIT","3fa4ca83dcc9237839b1bdeb2e6d16bdfb5ec0c5ce42b24694d8bbf0dcbef72c"
"115","cargo uuid 1.25.0 / LICENSE-MIT","436bc5a105d8e57dcd8778730f3754f7bf39c14d2f530e4cde4bd2d17a83ec3d"
"116","cargo window-vibrancy 0.6.0 / LICENSE-MIT","617b85f62a4f1b6a62d3d9f28f6d7003b7f68a70b7675a8174bbcc68401ac62d"
"117","cargo window-vibrancy 0.6.0 / LICENSE.spdx","7ccef0d35e8507fa02d7e904a5277d62723f9ec576d52f6a865cab7b4dbf12ad"
"118","cargo windows 0.61.3 / license-mit","c2cfccb812fe482101a8f04597dfc5a9991a6b2748266c47ac91b6a5aae15383"
"118","cargo windows_x86_64_msvc 0.52.6 / license-mit","c2cfccb812fe482101a8f04597dfc5a9991a6b2748266c47ac91b6a5aae15383"
"118","cargo windows_x86_64_msvc 0.53.1 / license-mit","c2cfccb812fe482101a8f04597dfc5a9991a6b2748266c47ac91b6a5aae15383"
"118","cargo windows-collections 0.2.0 / license-mit","c2cfccb812fe482101a8f04597dfc5a9991a6b2748266c47ac91b6a5aae15383"
"118","cargo windows-core 0.61.2 / license-mit","c2cfccb812fe482101a8f04597dfc5a9991a6b2748266c47ac91b6a5aae15383"
"118","cargo windows-future 0.2.1 / license-mit","c2cfccb812fe482101a8f04597dfc5a9991a6b2748266c47ac91b6a5aae15383"
"118","cargo windows-link 0.2.1 / license-mit","c2cfccb812fe482101a8f04597dfc5a9991a6b2748266c47ac91b6a5aae15383"
"118","cargo windows-link 0.1.3 / license-mit","c2cfccb812fe482101a8f04597dfc5a9991a6b2748266c47ac91b6a5aae15383"
"118","cargo windows-numerics 0.2.0 / license-mit","c2cfccb812fe482101a8f04597dfc5a9991a6b2748266c47ac91b6a5aae15383"
"118","cargo windows-result 0.3.4 / license-mit","c2cfccb812fe482101a8f04597dfc5a9991a6b2748266c47ac91b6a5aae15383"
"118","cargo windows-strings 0.4.2 / license-mit","c2cfccb812fe482101a8f04597dfc5a9991a6b2748266c47ac91b6a5aae15383"
"118","cargo windows-sys 0.61.2 / license-mit","c2cfccb812fe482101a8f04597dfc5a9991a6b2748266c47ac91b6a5aae15383"
"118","cargo windows-sys 0.59.0 / license-mit","c2cfccb812fe482101a8f04597dfc5a9991a6b2748266c47ac91b6a5aae15383"
"118","cargo windows-sys 0.60.2 / license-mit","c2cfccb812fe482101a8f04597dfc5a9991a6b2748266c47ac91b6a5aae15383"
"118","cargo windows-targets 0.52.6 / license-mit","c2cfccb812fe482101a8f04597dfc5a9991a6b2748266c47ac91b6a5aae15383"
"118","cargo windows-targets 0.53.5 / license-mit","c2cfccb812fe482101a8f04597dfc5a9991a6b2748266c47ac91b6a5aae15383"
"118","cargo windows-threading 0.1.0 / license-mit","c2cfccb812fe482101a8f04597dfc5a9991a6b2748266c47ac91b6a5aae15383"
"118","cargo windows-version 0.1.7 / license-mit","c2cfccb812fe482101a8f04597dfc5a9991a6b2748266c47ac91b6a5aae15383"
"119","cargo winnow 1.0.4 / LICENSE-MIT","cb5aedb296c5246d1f22e9099f925a65146f9f0d6b4eebba97fd27a6cdbbab2d"
"120","cargo winreg 0.55.0 / LICENSE","ea021d8c6383c84d19c15ce90d3b1602cf448fdcc0bf3772c98e43c7bf1bf1d1"
"121","cargo wry 0.55.1 / LICENSE-MIT","ef88893533af22ffbb68ceef0724ba1389518df26165a34f3c99ad30b884df4f"
"122","cargo wry 0.55.1 / LICENSE.spdx","26235c41e314fb0da35b33b2bb5bcbc4dd523839f8eeca52efcd43586f441fb5"
"123","cargo zerocopy 0.8.56 / LICENSE-BSD","83c1763356e822adde0a2cae748d938a73fdc263849ccff6b27776dff213bd32"
"124","cargo zerocopy 0.8.56 / LICENSE-MIT","1a2f5c12ddc934d58956aa5dbdd3255fe55fd957633ab7d0d39e4f0daa73f7df"
"125","cargo zeroize 1.9.0 / LICENSE-MIT","8c7516d4b27b1e495be5e38b612298b63de48d05f49cdac94f70f3cd70f8864b"
"126","cargo zip 2.4.2 / LICENSE","04dc52136d82400b11df5f474949863a70a5d05d2278dec45b99c479494450a6"
"127","cargo zopfli 0.8.3 / COPYING","018b1cb87efdf7a04c2fcc13d57ed63f62149113fb207b27ea13430d64f13513"
"128","cargo zstd 0.13.3 / LICENSE","129e8edef29e9abcd2ebabe252f4ef1b1289cdca356bf0040284a2fbccfb96c8"
"128","cargo zstd-safe 7.2.4 / LICENSE.Mit","129e8edef29e9abcd2ebabe252f4ef1b1289cdca356bf0040284a2fbccfb96c8"
"128","cargo zstd-sys 2.0.16+zstd.1.5.7 / LICENSE.Mit","129e8edef29e9abcd2ebabe252f4ef1b1289cdca356bf0040284a2fbccfb96c8"
"129","cargo zstd-safe 7.2.4 / LICENSE","a77b7cfeaf911ed410ffbe76f0cb2b24ad8a4d94e7ead5727e914425c416cc63"
"129","cargo zstd-sys 2.0.16+zstd.1.5.7 / LICENSE","a77b7cfeaf911ed410ffbe76f0cb2b24ad8a4d94e7ead5727e914425c416cc63"
"130","cargo zstd-sys 2.0.16+zstd.1.5.7 / LICENSE.BSD-3-Clause","48341f685c87304089aa099b23c386f8bacc519ef555aa7a13e239908907b3fd"
"131","npm react 19.2.8 / LICENSE","da6d3703ed11cbe42bd212c725957c98da23cbff1998c05fa4b3d976d1a58e93"
"131","npm react-dom 19.2.8 / LICENSE","da6d3703ed11cbe42bd212c725957c98da23cbff1998c05fa4b3d976d1a58e93"
"131","npm scheduler 0.27.0 / LICENSE","da6d3703ed11cbe42bd212c725957c98da23cbff1998c05fa4b3d976d1a58e93"
"132","npm pdfjs-dist 6.3.289 / LICENSE","0d542e0c8804e39aa7f37eb00da5a762149dc682d7829451287e11b938e94594"
"133","bzip2 C 1.0.8","c6dbbf828498be844a89eaa3b84adbab3199e342eb5cb2ed2f0d4ba7ec0f38a3"
"134","Zstandard C 1.5.7","7055266497633c9025b777c78eb7235af13922117480ed5c674677adc381c9d8"
"135","XZ/liblzma licensing scope","bcb02973ef6e87ea73d331b3a80df7748407f17efdb784b61b47e0e610d3bb5c"
"136","Google Material Symbols Apache-2.0","58d1e17ffe5109a7ae296caafcadfdbe6a7d176f0bc4ab01e12a689b0499d8bd"
