"ecosystem","component","version","license","evidence","notice_files"
"cargo","adler2","2.0.1","0BSD OR MIT OR Apache-2.0","Cargo compiler-artifact release opt_level=3 lib; runtime contributor (elimination por linker no cuantificada)","LICENSE-0BSD; LICENSE-MIT"
"cargo","aes","0.8.4","MIT OR Apache-2.0","Cargo compiler-artifact release opt_level=3 lib; runtime contributor (elimination por linker no cuantificada)","LICENSE-MIT"
"cargo","ahash","0.8.12","MIT OR Apache-2.0","Cargo compiler-artifact release opt_level=3 lib; runtime contributor (elimination por linker no cuantificada)","LICENSE-MIT"
"cargo","aho-corasick","1.1.5","Unlicense OR MIT","Cargo compiler-artifact release opt_level=3 lib; runtime contributor (elimination por linker no cuantificada)","COPYING; LICENSE-MIT"
"cargo","alloc-no-stdlib","2.0.4","BSD-3-Clause","Cargo compiler-artifact release opt_level=3 lib; runtime contributor (elimination por linker no cuantificada)","LICENSE"
"cargo","alloc-stdlib","0.2.4","BSD-3-Clause","Cargo compiler-artifact release opt_level=3 lib; runtime contributor (elimination por linker no cuantificada)",""
"cargo","allocator-api2","0.2.21","MIT OR Apache-2.0","Cargo compiler-artifact release opt_level=3 lib; runtime contributor (elimination por linker no cuantificada)","LICENSE-MIT"
"cargo","anyhow","1.0.104","MIT OR Apache-2.0","Cargo compiler-artifact release opt_level=3 lib; runtime contributor (elimination por linker no cuantificada)","LICENSE-MIT"
"cargo","arrayvec","0.7.8","MIT OR Apache-2.0","Cargo compiler-artifact release opt_level=3 lib; runtime contributor (elimination por linker no cuantificada)","LICENSE-MIT"
"cargo","atoi","2.0.0","MIT","Cargo compiler-artifact release opt_level=3 lib; runtime contributor (elimination por linker no cuantificada)","LICENSE"
"cargo","base64","0.22.1","MIT OR Apache-2.0","Cargo compiler-artifact release opt_level=3 lib; runtime contributor (elimination por linker no cuantificada)","LICENSE-MIT"
"cargo","bitflags","2.13.1","MIT OR Apache-2.0","Cargo compiler-artifact release opt_level=3 lib; runtime contributor (elimination por linker no cuantificada)","LICENSE-MIT"
"cargo","block-buffer","0.10.4","MIT OR Apache-2.0","Cargo compiler-artifact release opt_level=3 lib; runtime contributor (elimination por linker no cuantificada)","LICENSE-MIT"
"cargo","brotli","8.0.4","BSD-3-Clause AND MIT","Cargo compiler-artifact release opt_level=3 lib; runtime contributor (elimination por linker no cuantificada)","LICENSE.BSD-3-Clause; LICENSE.MIT"
"cargo","brotli-decompressor","5.0.3","BSD-3-Clause/MIT","Cargo compiler-artifact release opt_level=3 lib; runtime contributor (elimination por linker no cuantificada)","LICENSE"
"cargo","bumpalo","3.20.3","MIT OR Apache-2.0","Cargo compiler-artifact release opt_level=3 lib; runtime contributor (elimination por linker no cuantificada)","LICENSE-MIT"
"cargo","byteorder","1.5.0","Unlicense OR MIT","Cargo compiler-artifact release opt_level=3 lib; runtime contributor (elimination por linker no cuantificada)","COPYING; LICENSE-MIT"
"cargo","bytes","1.12.1","MIT","Cargo compiler-artifact release opt_level=3 lib; runtime contributor (elimination por linker no cuantificada)","LICENSE"
"cargo","bzip2","0.5.2","MIT OR Apache-2.0","Cargo compiler-artifact release opt_level=3 lib; runtime contributor (elimination por linker no cuantificada)","LICENSE-MIT"
"cargo","bzip2-sys","0.1.13+1.0.8","MIT/Apache-2.0","Cargo compiler-artifact release opt_level=3 lib; runtime contributor (elimination por linker no cuantificada)","LICENSE-MIT"
"cargo","cfb","0.7.3","MIT","Cargo compiler-artifact release opt_level=3 lib; runtime contributor (elimination por linker no cuantificada)","LICENSE"
"cargo","cfg-if","1.0.4","MIT OR Apache-2.0","Cargo compiler-artifact release opt_level=3 lib; runtime contributor (elimination por linker no cuantificada)","LICENSE-MIT"
"cargo","cipher","0.4.4","MIT OR Apache-2.0","Cargo compiler-artifact release opt_level=3 lib; runtime contributor (elimination por linker no cuantificada)","LICENSE-MIT"
"cargo","constant_time_eq","0.3.1","CC0-1.0 OR MIT-0 OR Apache-2.0","Cargo compiler-artifact release opt_level=3 lib; runtime contributor (elimination por linker no cuantificada)","LICENSE-CC0; LICENSE-MIT0"
"cargo","cookie","0.18.2","MIT OR Apache-2.0","Cargo compiler-artifact release opt_level=3 lib; runtime contributor (elimination por linker no cuantificada)","LICENSE-MIT"
"cargo","cpufeatures","0.2.17","MIT OR Apache-2.0","Cargo compiler-artifact release opt_level=3 lib; runtime contributor (elimination por linker no cuantificada)","LICENSE-MIT"
"cargo","crc","3.4.0","MIT OR Apache-2.0","Cargo compiler-artifact release opt_level=3 lib; runtime contributor (elimination por linker no cuantificada)","LICENSE-MIT"
"cargo","crc-catalog","2.5.0","MIT OR Apache-2.0","Cargo compiler-artifact release opt_level=3 lib; runtime contributor (elimination por linker no cuantificada)",""
"cargo","crc32fast","1.5.1","MIT OR Apache-2.0","Cargo compiler-artifact release opt_level=3 lib; runtime contributor (elimination por linker no cuantificada)","LICENSE-MIT"
"cargo","crossbeam-channel","0.5.16","MIT OR Apache-2.0","Cargo compiler-artifact release opt_level=3 lib; runtime contributor (elimination por linker no cuantificada)","LICENSE-MIT; LICENSE-THIRD-PARTY"
"cargo","crossbeam-queue","0.3.13","MIT OR Apache-2.0","Cargo compiler-artifact release opt_level=3 lib; runtime contributor (elimination por linker no cuantificada)","LICENSE-MIT"
"cargo","crossbeam-utils","0.8.22","MIT OR Apache-2.0","Cargo compiler-artifact release opt_level=3 lib; runtime contributor (elimination por linker no cuantificada)","LICENSE-MIT"
"cargo","crypto-common","0.1.7","MIT OR Apache-2.0","Cargo compiler-artifact release opt_level=3 lib; runtime contributor (elimination por linker no cuantificada)","LICENSE-MIT"
"cargo","ctor","0.8.0","Apache-2.0 OR MIT","Cargo compiler-artifact release opt_level=3 lib; runtime contributor (elimination por linker no cuantificada)","LICENSE-MIT"
"cargo","deflate64","0.1.12","MIT","Cargo compiler-artifact release opt_level=3 lib; runtime contributor (elimination por linker no cuantificada)","LICENSE"
"cargo","deranged","0.5.8","MIT OR Apache-2.0","Cargo compiler-artifact release opt_level=3 lib; runtime contributor (elimination por linker no cuantificada)","LICENSE-MIT"
"cargo","digest","0.10.7","MIT OR Apache-2.0","Cargo compiler-artifact release opt_level=3 lib; runtime contributor (elimination por linker no cuantificada)","LICENSE-MIT"
"cargo","dirs","6.0.0","MIT OR Apache-2.0","Cargo compiler-artifact release opt_level=3 lib; runtime contributor (elimination por linker no cuantificada)","LICENSE-MIT"
"cargo","dirs-sys","0.5.0","MIT OR Apache-2.0","Cargo compiler-artifact release opt_level=3 lib; runtime contributor (elimination por linker no cuantificada)","LICENSE-MIT"
"cargo","dpi","0.1.2","Apache-2.0 AND MIT","Cargo compiler-artifact release opt_level=3 lib; runtime contributor (elimination por linker no cuantificada)","LICENSE; LICENSE-LIBM-MIT"
"cargo","dunce","1.0.5","CC0-1.0 OR MIT-0 OR Apache-2.0","Cargo compiler-artifact release opt_level=3 lib; runtime contributor (elimination por linker no cuantificada)","LICENSE"
"cargo","either","1.18.0","MIT OR Apache-2.0","Cargo compiler-artifact release opt_level=3 lib; runtime contributor (elimination por linker no cuantificada)","LICENSE-MIT"
"cargo","equivalent","1.0.2","Apache-2.0 OR MIT","Cargo compiler-artifact release opt_level=3 lib; runtime contributor (elimination por linker no cuantificada)","LICENSE-MIT"
"cargo","erased-serde","0.4.10","MIT OR Apache-2.0","Cargo compiler-artifact release opt_level=3 lib; runtime contributor (elimination por linker no cuantificada)","LICENSE-MIT"
"cargo","event-listener","5.4.2","Apache-2.0 OR MIT","Cargo compiler-artifact release opt_level=3 lib; runtime contributor (elimination por linker no cuantificada)","LICENSE-MIT"
"cargo","fallible-iterator","0.3.0","MIT/Apache-2.0","Cargo compiler-artifact release opt_level=3 lib; runtime contributor (elimination por linker no cuantificada)","LICENSE-MIT"
"cargo","fallible-streaming-iterator","0.1.9","MIT/Apache-2.0","Cargo compiler-artifact release opt_level=3 lib; runtime contributor (elimination por linker no cuantificada)","LICENSE-MIT"
"cargo","flate2","1.1.9","MIT OR Apache-2.0","Cargo compiler-artifact release opt_level=3 lib; runtime contributor (elimination por linker no cuantificada)","LICENSE-MIT"
"cargo","flume","0.11.1","Apache-2.0/MIT","Cargo compiler-artifact release opt_level=3 lib; runtime contributor (elimination por linker no cuantificada)","LICENSE-MIT"
"cargo","fnv","1.0.7","Apache-2.0 / MIT","Cargo compiler-artifact release opt_level=3 lib; runtime contributor (elimination por linker no cuantificada)","LICENSE-MIT"
"cargo","foldhash","0.1.5","Zlib","Cargo compiler-artifact release opt_level=3 lib; runtime contributor (elimination por linker no cuantificada)","LICENSE"
"cargo","form_urlencoded","1.2.2","MIT OR Apache-2.0","Cargo compiler-artifact release opt_level=3 lib; runtime contributor (elimination por linker no cuantificada)","LICENSE-MIT"
"cargo","futures-channel","0.3.34","MIT OR Apache-2.0","Cargo compiler-artifact release opt_level=3 lib; runtime contributor (elimination por linker no cuantificada)","LICENSE-MIT"
"cargo","futures-core","0.3.34","MIT OR Apache-2.0","Cargo compiler-artifact release opt_level=3 lib; runtime contributor (elimination por linker no cuantificada)","LICENSE-MIT"
"cargo","futures-executor","0.3.34","MIT OR Apache-2.0","Cargo compiler-artifact release opt_level=3 lib; runtime contributor (elimination por linker no cuantificada)","LICENSE-MIT"
"cargo","futures-intrusive","0.5.0","MIT OR Apache-2.0","Cargo compiler-artifact release opt_level=3 lib; runtime contributor (elimination por linker no cuantificada)","LICENSE-MIT"
"cargo","futures-io","0.3.34","MIT OR Apache-2.0","Cargo compiler-artifact release opt_level=3 lib; runtime contributor (elimination por linker no cuantificada)","LICENSE-MIT"
"cargo","futures-sink","0.3.34","MIT OR Apache-2.0","Cargo compiler-artifact release opt_level=3 lib; runtime contributor (elimination por linker no cuantificada)","LICENSE-MIT"
"cargo","futures-task","0.3.34","MIT OR Apache-2.0","Cargo compiler-artifact release opt_level=3 lib; runtime contributor (elimination por linker no cuantificada)","LICENSE-MIT"
"cargo","futures-util","0.3.34","MIT OR Apache-2.0","Cargo compiler-artifact release opt_level=3 lib; runtime contributor (elimination por linker no cuantificada)","LICENSE-MIT"
"cargo","generic-array","0.14.7","MIT","Cargo compiler-artifact release opt_level=3 lib; runtime contributor (elimination por linker no cuantificada)","LICENSE"
"cargo","getrandom","0.3.4","MIT OR Apache-2.0","Cargo compiler-artifact release opt_level=3 lib; runtime contributor (elimination por linker no cuantificada)","LICENSE-MIT"
"cargo","glob","0.3.4","MIT OR Apache-2.0","Cargo compiler-artifact release opt_level=3 lib; runtime contributor (elimination por linker no cuantificada)","LICENSE-MIT"
"cargo","hashbrown","0.17.1","MIT OR Apache-2.0","Cargo compiler-artifact release opt_level=3 lib; runtime contributor (elimination por linker no cuantificada)","LICENSE-MIT"
"cargo","hashbrown","0.15.5","MIT OR Apache-2.0","Cargo compiler-artifact release opt_level=3 lib; runtime contributor (elimination por linker no cuantificada)","LICENSE-MIT"
"cargo","hashbrown","0.14.5","MIT OR Apache-2.0","Cargo compiler-artifact release opt_level=3 lib; runtime contributor (elimination por linker no cuantificada)","LICENSE-MIT"
"cargo","hashlink","0.10.0","MIT OR Apache-2.0","Cargo compiler-artifact release opt_level=3 lib; runtime contributor (elimination por linker no cuantificada)","LICENSE-MIT"
"cargo","hashlink","0.9.1","MIT OR Apache-2.0","Cargo compiler-artifact release opt_level=3 lib; runtime contributor (elimination por linker no cuantificada)","LICENSE-MIT"
"cargo","heck","0.5.0","MIT OR Apache-2.0","Cargo compiler-artifact release opt_level=3 lib; runtime contributor (elimination por linker no cuantificada)","LICENSE-MIT"
"cargo","hmac","0.12.1","MIT OR Apache-2.0","Cargo compiler-artifact release opt_level=3 lib; runtime contributor (elimination por linker no cuantificada)","LICENSE-MIT"
"cargo","http","1.5.0","MIT OR Apache-2.0","Cargo compiler-artifact release opt_level=3 lib; runtime contributor (elimination por linker no cuantificada)","LICENSE-MIT"
"cargo","icu_collections","2.3.0","Unicode-3.0","Cargo compiler-artifact release opt_level=3 lib; runtime contributor (elimination por linker no cuantificada)","LICENSE"
"cargo","icu_locale_core","2.3.0","Unicode-3.0","Cargo compiler-artifact release opt_level=3 lib; runtime contributor (elimination por linker no cuantificada)","LICENSE"
"cargo","icu_normalizer","2.3.0","Unicode-3.0","Cargo compiler-artifact release opt_level=3 lib; runtime contributor (elimination por linker no cuantificada)","LICENSE"
"cargo","icu_normalizer_data","2.3.0","Unicode-3.0","Cargo compiler-artifact release opt_level=3 lib; runtime contributor (elimination por linker no cuantificada)","LICENSE"
"cargo","icu_properties","2.3.0","Unicode-3.0","Cargo compiler-artifact release opt_level=3 lib; runtime contributor (elimination por linker no cuantificada)","LICENSE"
"cargo","icu_properties_data","2.3.0","Unicode-3.0","Cargo compiler-artifact release opt_level=3 lib; runtime contributor (elimination por linker no cuantificada)","LICENSE"
"cargo","icu_provider","2.3.1","Unicode-3.0","Cargo compiler-artifact release opt_level=3 lib; runtime contributor (elimination por linker no cuantificada)","LICENSE"
"cargo","idna","1.1.0","MIT OR Apache-2.0","Cargo compiler-artifact release opt_level=3 lib; runtime contributor (elimination por linker no cuantificada)","LICENSE-MIT"
"cargo","idna_adapter","1.2.2","Apache-2.0 OR MIT","Cargo compiler-artifact release opt_level=3 lib; runtime contributor (elimination por linker no cuantificada)","LICENSE-MIT"
"cargo","indexmap","2.14.0","Apache-2.0 OR MIT","Cargo compiler-artifact release opt_level=3 lib; runtime contributor (elimination por linker no cuantificada)","LICENSE-MIT"
"cargo","infer","0.19.0","MIT","Cargo compiler-artifact release opt_level=3 lib; runtime contributor (elimination por linker no cuantificada)","LICENSE"
"cargo","inout","0.1.4","MIT OR Apache-2.0","Cargo compiler-artifact release opt_level=3 lib; runtime contributor (elimination por linker no cuantificada)","LICENSE-MIT"
"cargo","itoa","1.0.18","MIT OR Apache-2.0","Cargo compiler-artifact release opt_level=3 lib; runtime contributor (elimination por linker no cuantificada)","LICENSE-MIT"
"cargo","json-patch","3.0.1","MIT/Apache-2.0","Cargo compiler-artifact release opt_level=3 lib; runtime contributor (elimination por linker no cuantificada)","LICENSE-MIT"
"cargo","jsonptr","0.6.3","MIT OR Apache-2.0","Cargo compiler-artifact release opt_level=3 lib; runtime contributor (elimination por linker no cuantificada)","LICENSE-MIT"
"cargo","keyboard-types","0.7.0","MIT OR Apache-2.0","Cargo compiler-artifact release opt_level=3 lib; runtime contributor (elimination por linker no cuantificada)","LICENSE-MIT"
"cargo","libc","0.2.189","MIT OR Apache-2.0","Cargo compiler-artifact release opt_level=3 lib; runtime contributor (elimination por linker no cuantificada)","LICENSE-MIT"
"cargo","libsqlite3-sys","0.30.1","MIT","Cargo compiler-artifact release opt_level=3 lib; runtime contributor (elimination por linker no cuantificada)","LICENSE"
"cargo","litemap","0.8.3","Unicode-3.0","Cargo compiler-artifact release opt_level=3 lib; runtime contributor (elimination por linker no cuantificada)","LICENSE"
"cargo","lock_api","0.4.14","MIT OR Apache-2.0","Cargo compiler-artifact release opt_level=3 lib; runtime contributor (elimination por linker no cuantificada)","LICENSE-MIT"
"cargo","log","0.4.34","MIT OR Apache-2.0","Cargo compiler-artifact release opt_level=3 lib; runtime contributor (elimination por linker no cuantificada)","LICENSE-MIT"
"cargo","lzma-rs","0.3.0","MIT","Cargo compiler-artifact release opt_level=3 lib; runtime contributor (elimination por linker no cuantificada)","LICENSE"
"cargo","lzma-sys","0.1.20","MIT/Apache-2.0","Cargo compiler-artifact release opt_level=3 lib; runtime contributor (elimination por linker no cuantificada)","LICENSE-MIT"
"cargo","memchr","2.8.3","Unlicense OR MIT","Cargo compiler-artifact release opt_level=3 lib; runtime contributor (elimination por linker no cuantificada)","COPYING; LICENSE-MIT"
"cargo","mime","0.3.17","MIT OR Apache-2.0","Cargo compiler-artifact release opt_level=3 lib; runtime contributor (elimination por linker no cuantificada)","LICENSE-MIT"
"cargo","miniz_oxide","0.8.9","MIT OR Zlib OR Apache-2.0","Cargo compiler-artifact release opt_level=3 lib; runtime contributor (elimination por linker no cuantificada)","LICENSE; LICENSE-MIT.md; LICENSE-ZLIB.md"
"cargo","mio","1.2.2","MIT","Cargo compiler-artifact release opt_level=3 lib; runtime contributor (elimination por linker no cuantificada)","LICENSE"
"cargo","muda","0.19.3","Apache-2.0 OR MIT","Cargo compiler-artifact release opt_level=3 lib; runtime contributor (elimination por linker no cuantificada)","LICENSE-MIT; LICENSE.spdx"
"cargo","num-conv","0.2.2","MIT OR Apache-2.0","Cargo compiler-artifact release opt_level=3 lib; runtime contributor (elimination por linker no cuantificada)","LICENSE-MIT"
"cargo","num-traits","0.2.19","MIT OR Apache-2.0","Cargo compiler-artifact release opt_level=3 lib; runtime contributor (elimination por linker no cuantificada)","LICENSE-MIT"
"cargo","once_cell","1.21.4","MIT OR Apache-2.0","Cargo compiler-artifact release opt_level=3 lib; runtime contributor (elimination por linker no cuantificada)","LICENSE-MIT"
"cargo","open","5.4.2","MIT","Cargo compiler-artifact release opt_level=3 lib; runtime contributor (elimination por linker no cuantificada)","LICENSE.md"
"cargo","option-ext","0.2.0","MPL-2.0","Cargo compiler-artifact release opt_level=3 lib; runtime contributor (elimination por linker no cuantificada)","LICENSE.txt"
"cargo","parking","2.2.1","Apache-2.0 OR MIT","Cargo compiler-artifact release opt_level=3 lib; runtime contributor (elimination por linker no cuantificada)","LICENSE-MIT; LICENSE-THIRD-PARTY"
"cargo","parking_lot","0.12.5","MIT OR Apache-2.0","Cargo compiler-artifact release opt_level=3 lib; runtime contributor (elimination por linker no cuantificada)","LICENSE-MIT"
"cargo","parking_lot_core","0.9.12","MIT OR Apache-2.0","Cargo compiler-artifact release opt_level=3 lib; runtime contributor (elimination por linker no cuantificada)","LICENSE-MIT"
"cargo","pbkdf2","0.12.2","MIT OR Apache-2.0","Cargo compiler-artifact release opt_level=3 lib; runtime contributor (elimination por linker no cuantificada)","LICENSE-MIT"
"cargo","percent-encoding","2.3.2","MIT OR Apache-2.0","Cargo compiler-artifact release opt_level=3 lib; runtime contributor (elimination por linker no cuantificada)","LICENSE-MIT"
"cargo","phf","0.13.1","MIT","Cargo compiler-artifact release opt_level=3 lib; runtime contributor (elimination por linker no cuantificada)","LICENSE"
"cargo","phf_shared","0.13.1","MIT","Cargo compiler-artifact release opt_level=3 lib; runtime contributor (elimination por linker no cuantificada)","LICENSE"
"cargo","pin-project-lite","0.2.17","Apache-2.0 OR MIT","Cargo compiler-artifact release opt_level=3 lib; runtime contributor (elimination por linker no cuantificada)","LICENSE-MIT"
"cargo","plist","1.10.0","MIT","Cargo compiler-artifact release opt_level=3 lib; runtime contributor (elimination por linker no cuantificada)",""
"cargo","potential_utf","0.1.6","Unicode-3.0","Cargo compiler-artifact release opt_level=3 lib; runtime contributor (elimination por linker no cuantificada)","LICENSE"
"cargo","powerfmt","0.2.0","MIT OR Apache-2.0","Cargo compiler-artifact release opt_level=3 lib; runtime contributor (elimination por linker no cuantificada)","LICENSE-MIT"
"cargo","quick-xml","0.41.0","MIT","Cargo compiler-artifact release opt_level=3 lib; runtime contributor (elimination por linker no cuantificada)","LICENSE-MIT.md"
"cargo","raw-window-handle","0.6.2","MIT OR Apache-2.0 OR Zlib","Cargo compiler-artifact release opt_level=3 lib; runtime contributor (elimination por linker no cuantificada)","LICENSE-MIT.md; LICENSE-ZLIB.md"
"cargo","regex","1.13.1","MIT OR Apache-2.0","Cargo compiler-artifact release opt_level=3 lib; runtime contributor (elimination por linker no cuantificada)","LICENSE-MIT"
"cargo","regex-automata","0.4.18","MIT OR Apache-2.0","Cargo compiler-artifact release opt_level=3 lib; runtime contributor (elimination por linker no cuantificada)","LICENSE-MIT"
"cargo","regex-syntax","0.8.11","MIT OR Apache-2.0","Cargo compiler-artifact release opt_level=3 lib; runtime contributor (elimination por linker no cuantificada)","LICENSE-MIT"
"cargo","rfd","0.16.0","MIT","Cargo compiler-artifact release opt_level=3 lib; runtime contributor (elimination por linker no cuantificada)","LICENSE"
"cargo","rusqlite","0.32.1","MIT","Cargo compiler-artifact release opt_level=3 lib; runtime contributor (elimination por linker no cuantificada)","LICENSE"
"cargo","rust_decimal","1.42.1","MIT","Cargo compiler-artifact release opt_level=3 lib; runtime contributor (elimination por linker no cuantificada)","LICENSE"
"cargo","ryu","1.0.23","Apache-2.0 OR BSL-1.0","Cargo compiler-artifact release opt_level=3 lib; runtime contributor (elimination por linker no cuantificada)","LICENSE-APACHE; LICENSE-BOOST"
"cargo","same-file","1.0.6","Unlicense/MIT","Cargo compiler-artifact release opt_level=3 lib; runtime contributor (elimination por linker no cuantificada)","COPYING; LICENSE-MIT"
"cargo","scopeguard","1.2.0","MIT OR Apache-2.0","Cargo compiler-artifact release opt_level=3 lib; runtime contributor (elimination por linker no cuantificada)","LICENSE-MIT"
"cargo","semver","1.0.28","MIT OR Apache-2.0","Cargo compiler-artifact release opt_level=3 lib; runtime contributor (elimination por linker no cuantificada)","LICENSE-MIT"
"cargo","serde","1.0.229","MIT OR Apache-2.0","Cargo compiler-artifact release opt_level=3 lib; runtime contributor (elimination por linker no cuantificada)","LICENSE-MIT"
"cargo","serde_core","1.0.229","MIT OR Apache-2.0","Cargo compiler-artifact release opt_level=3 lib; runtime contributor (elimination por linker no cuantificada)","LICENSE-MIT"
"cargo","serde_json","1.0.151","MIT OR Apache-2.0","Cargo compiler-artifact release opt_level=3 lib; runtime contributor (elimination por linker no cuantificada)","LICENSE-MIT"
"cargo","serde_spanned","1.1.1","MIT OR Apache-2.0","Cargo compiler-artifact release opt_level=3 lib; runtime contributor (elimination por linker no cuantificada)","LICENSE-MIT"
"cargo","serde_urlencoded","0.7.1","MIT/Apache-2.0","Cargo compiler-artifact release opt_level=3 lib; runtime contributor (elimination por linker no cuantificada)","LICENSE-MIT"
"cargo","serde_with","3.22.0","MIT OR Apache-2.0","Cargo compiler-artifact release opt_level=3 lib; runtime contributor (elimination por linker no cuantificada)","LICENSE-MIT"
"cargo","serde-untagged","0.1.9","MIT OR Apache-2.0","Cargo compiler-artifact release opt_level=3 lib; runtime contributor (elimination por linker no cuantificada)","LICENSE-MIT"
"cargo","serialize-to-javascript","0.1.2","MIT OR Apache-2.0","Cargo compiler-artifact release opt_level=3 lib; runtime contributor (elimination por linker no cuantificada)","LICENSE-MIT"
"cargo","sha1","0.10.7","MIT OR Apache-2.0","Cargo compiler-artifact release opt_level=3 lib; runtime contributor (elimination por linker no cuantificada)","LICENSE-MIT"
"cargo","sha2","0.10.9","MIT OR Apache-2.0","Cargo compiler-artifact release opt_level=3 lib; runtime contributor (elimination por linker no cuantificada)","LICENSE-MIT"
"cargo","simd-adler32","0.3.10","MIT","Cargo compiler-artifact release opt_level=3 lib; runtime contributor (elimination por linker no cuantificada)","LICENSE.md"
"cargo","siphasher","1.0.3","MIT/Apache-2.0","Cargo compiler-artifact release opt_level=3 lib; runtime contributor (elimination por linker no cuantificada)","COPYING"
"cargo","slab","0.4.12","MIT","Cargo compiler-artifact release opt_level=3 lib; runtime contributor (elimination por linker no cuantificada)","LICENSE"
"cargo","smallvec","1.15.2","MIT OR Apache-2.0","Cargo compiler-artifact release opt_level=3 lib; runtime contributor (elimination por linker no cuantificada)","LICENSE-MIT"
"cargo","socket2","0.6.5","MIT OR Apache-2.0","Cargo compiler-artifact release opt_level=3 lib; runtime contributor (elimination por linker no cuantificada)","LICENSE-MIT"
"cargo","softbuffer","0.4.8","MIT OR Apache-2.0","Cargo compiler-artifact release opt_level=3 lib; runtime contributor (elimination por linker no cuantificada)","LICENSE-MIT"
"cargo","spin","0.9.9","MIT","Cargo compiler-artifact release opt_level=3 lib; runtime contributor (elimination por linker no cuantificada)","LICENSE"
"cargo","sqlx","0.8.6","MIT OR Apache-2.0","Cargo compiler-artifact release opt_level=3 lib; runtime contributor (elimination por linker no cuantificada)","LICENSE-MIT"
"cargo","sqlx-core","0.8.6","MIT OR Apache-2.0","Cargo compiler-artifact release opt_level=3 lib; runtime contributor (elimination por linker no cuantificada)","LICENSE-MIT"
"cargo","sqlx-sqlite","0.8.6","MIT OR Apache-2.0","Cargo compiler-artifact release opt_level=3 lib; runtime contributor (elimination por linker no cuantificada)","LICENSE-MIT"
"cargo","stable_deref_trait","1.2.1","MIT OR Apache-2.0","Cargo compiler-artifact release opt_level=3 lib; runtime contributor (elimination por linker no cuantificada)","LICENSE-MIT"
"cargo","subtle","2.6.1","BSD-3-Clause","Cargo compiler-artifact release opt_level=3 lib; runtime contributor (elimination por linker no cuantificada)","LICENSE"
"cargo","tao","0.35.3","Apache-2.0","Cargo compiler-artifact release opt_level=3 lib; runtime contributor (elimination por linker no cuantificada)","LICENSE; LICENSE.spdx"
"cargo","tauri","2.11.5","Apache-2.0 OR MIT","Cargo compiler-artifact release opt_level=3 lib; runtime contributor (elimination por linker no cuantificada)","LICENSE_MIT"
"cargo","tauri-plugin-dialog","2.7.2","Apache-2.0 OR MIT","Cargo compiler-artifact release opt_level=3 lib; runtime contributor (elimination por linker no cuantificada)","LICENSE.spdx; LICENSE_MIT"
"cargo","tauri-plugin-fs","2.5.1","Apache-2.0 OR MIT","Cargo compiler-artifact release opt_level=3 lib; runtime contributor (elimination por linker no cuantificada)","LICENSE.spdx; LICENSE_MIT"
"cargo","tauri-plugin-opener","2.5.4","Apache-2.0 OR MIT","Cargo compiler-artifact release opt_level=3 lib; runtime contributor (elimination por linker no cuantificada)","LICENSE.spdx; LICENSE_MIT"
"cargo","tauri-plugin-sql","2.4.0","Apache-2.0 OR MIT","Cargo compiler-artifact release opt_level=3 lib; runtime contributor (elimination por linker no cuantificada)","LICENSE.spdx; LICENSE_MIT"
"cargo","tauri-runtime","2.11.3","Apache-2.0 OR MIT","Cargo compiler-artifact release opt_level=3 lib; runtime contributor (elimination por linker no cuantificada)","LICENSE_MIT"
"cargo","tauri-runtime-wry","2.11.4","Apache-2.0 OR MIT","Cargo compiler-artifact release opt_level=3 lib; runtime contributor (elimination por linker no cuantificada)","LICENSE_MIT"
"cargo","tauri-utils","2.9.3","Apache-2.0 OR MIT","Cargo compiler-artifact release opt_level=3 lib; runtime contributor (elimination por linker no cuantificada)","LICENSE_MIT"
"cargo","thiserror","2.0.20","MIT OR Apache-2.0","Cargo compiler-artifact release opt_level=3 lib; runtime contributor (elimination por linker no cuantificada)","LICENSE-MIT"
"cargo","thiserror","1.0.69","MIT OR Apache-2.0","Cargo compiler-artifact release opt_level=3 lib; runtime contributor (elimination por linker no cuantificada)","LICENSE-MIT"
"cargo","time","0.3.55","MIT OR Apache-2.0","Cargo compiler-artifact release opt_level=3 lib; runtime contributor (elimination por linker no cuantificada)","LICENSE-MIT"
"cargo","time-core","0.1.9","MIT OR Apache-2.0","Cargo compiler-artifact release opt_level=3 lib; runtime contributor (elimination por linker no cuantificada)","LICENSE-MIT"
"cargo","tinystr","0.8.4","Unicode-3.0","Cargo compiler-artifact release opt_level=3 lib; runtime contributor (elimination por linker no cuantificada)","LICENSE"
"cargo","tokio","1.53.1","MIT","Cargo compiler-artifact release opt_level=3 lib; runtime contributor (elimination por linker no cuantificada)","LICENSE"
"cargo","tokio-stream","0.1.19","MIT","Cargo compiler-artifact release opt_level=3 lib; runtime contributor (elimination por linker no cuantificada)","LICENSE"
"cargo","toml","1.1.4+spec-1.1.0","MIT OR Apache-2.0","Cargo compiler-artifact release opt_level=3 lib; runtime contributor (elimination por linker no cuantificada)","LICENSE-MIT"
"cargo","toml_datetime","1.1.1+spec-1.1.0","MIT OR Apache-2.0","Cargo compiler-artifact release opt_level=3 lib; runtime contributor (elimination por linker no cuantificada)","LICENSE-MIT"
"cargo","toml_parser","1.1.3+spec-1.1.0","MIT OR Apache-2.0","Cargo compiler-artifact release opt_level=3 lib; runtime contributor (elimination por linker no cuantificada)","LICENSE-MIT"
"cargo","toml_writer","1.1.2+spec-1.1.0","MIT OR Apache-2.0","Cargo compiler-artifact release opt_level=3 lib; runtime contributor (elimination por linker no cuantificada)","LICENSE-MIT"
"cargo","tracing","0.1.44","MIT","Cargo compiler-artifact release opt_level=3 lib; runtime contributor (elimination por linker no cuantificada)","LICENSE"
"cargo","tracing-core","0.1.36","MIT","Cargo compiler-artifact release opt_level=3 lib; runtime contributor (elimination por linker no cuantificada)","LICENSE"
"cargo","typeid","1.0.3","MIT OR Apache-2.0","Cargo compiler-artifact release opt_level=3 lib; runtime contributor (elimination por linker no cuantificada)","LICENSE-MIT"
"cargo","typenum","1.20.1","MIT OR Apache-2.0","Cargo compiler-artifact release opt_level=3 lib; runtime contributor (elimination por linker no cuantificada)","LICENSE; LICENSE-MIT"
"cargo","unic-char-property","0.9.0","MIT/Apache-2.0","Cargo compiler-artifact release opt_level=3 lib; runtime contributor (elimination por linker no cuantificada)",""
"cargo","unic-char-range","0.9.0","MIT/Apache-2.0","Cargo compiler-artifact release opt_level=3 lib; runtime contributor (elimination por linker no cuantificada)",""
"cargo","unic-common","0.9.0","MIT/Apache-2.0","Cargo compiler-artifact release opt_level=3 lib; runtime contributor (elimination por linker no cuantificada)",""
"cargo","unic-ucd-ident","0.9.0","MIT/Apache-2.0","Cargo compiler-artifact release opt_level=3 lib; runtime contributor (elimination por linker no cuantificada)",""
"cargo","unic-ucd-version","0.9.0","MIT/Apache-2.0","Cargo compiler-artifact release opt_level=3 lib; runtime contributor (elimination por linker no cuantificada)",""
"cargo","unicode-segmentation","1.13.3","MIT OR Apache-2.0","Cargo compiler-artifact release opt_level=3 lib; runtime contributor (elimination por linker no cuantificada)","LICENSE-MIT"
"cargo","url","2.5.8","MIT OR Apache-2.0","Cargo compiler-artifact release opt_level=3 lib; runtime contributor (elimination por linker no cuantificada)","LICENSE-MIT"
"cargo","urlpattern","0.3.0","MIT","Cargo compiler-artifact release opt_level=3 lib; runtime contributor (elimination por linker no cuantificada)","LICENSE"
"cargo","utf8_iter","1.0.4","Apache-2.0 OR MIT","Cargo compiler-artifact release opt_level=3 lib; runtime contributor (elimination por linker no cuantificada)","LICENSE-MIT"
"cargo","uuid","1.25.0","Apache-2.0 OR MIT","Cargo compiler-artifact release opt_level=3 lib; runtime contributor (elimination por linker no cuantificada)","LICENSE-MIT"
"cargo","walkdir","2.5.0","Unlicense/MIT","Cargo compiler-artifact release opt_level=3 lib; runtime contributor (elimination por linker no cuantificada)","COPYING; LICENSE-MIT"
"cargo","webview2-com","0.38.2","MIT","Cargo compiler-artifact release opt_level=3 lib; runtime contributor (elimination por linker no cuantificada)",""
"cargo","webview2-com-sys","0.38.2","MIT","Cargo compiler-artifact release opt_level=3 lib; runtime contributor (elimination por linker no cuantificada)",""
"cargo","winapi-util","0.1.11","Unlicense OR MIT","Cargo compiler-artifact release opt_level=3 lib; runtime contributor (elimination por linker no cuantificada)","COPYING; LICENSE-MIT"
"cargo","window-vibrancy","0.6.0","Apache-2.0 OR MIT","Cargo compiler-artifact release opt_level=3 lib; runtime contributor (elimination por linker no cuantificada)","LICENSE-MIT; LICENSE.spdx"
"cargo","windows","0.61.3","MIT OR Apache-2.0","Cargo compiler-artifact release opt_level=3 lib; runtime contributor (elimination por linker no cuantificada)","license-mit"
"cargo","windows_x86_64_msvc","0.52.6","MIT OR Apache-2.0","Cargo compiler-artifact release opt_level=3 lib; runtime contributor (elimination por linker no cuantificada)","license-mit"
"cargo","windows_x86_64_msvc","0.53.1","MIT OR Apache-2.0","Cargo compiler-artifact release opt_level=3 lib; runtime contributor (elimination por linker no cuantificada)","license-mit"
"cargo","windows-collections","0.2.0","MIT OR Apache-2.0","Cargo compiler-artifact release opt_level=3 lib; runtime contributor (elimination por linker no cuantificada)","license-mit"
"cargo","windows-core","0.61.2","MIT OR Apache-2.0","Cargo compiler-artifact release opt_level=3 lib; runtime contributor (elimination por linker no cuantificada)","license-mit"
"cargo","windows-future","0.2.1","MIT OR Apache-2.0","Cargo compiler-artifact release opt_level=3 lib; runtime contributor (elimination por linker no cuantificada)","license-mit"
"cargo","windows-link","0.2.1","MIT OR Apache-2.0","Cargo compiler-artifact release opt_level=3 lib; runtime contributor (elimination por linker no cuantificada)","license-mit"
"cargo","windows-link","0.1.3","MIT OR Apache-2.0","Cargo compiler-artifact release opt_level=3 lib; runtime contributor (elimination por linker no cuantificada)","license-mit"
"cargo","windows-numerics","0.2.0","MIT OR Apache-2.0","Cargo compiler-artifact release opt_level=3 lib; runtime contributor (elimination por linker no cuantificada)","license-mit"
"cargo","windows-result","0.3.4","MIT OR Apache-2.0","Cargo compiler-artifact release opt_level=3 lib; runtime contributor (elimination por linker no cuantificada)","license-mit"
"cargo","windows-strings","0.4.2","MIT OR Apache-2.0","Cargo compiler-artifact release opt_level=3 lib; runtime contributor (elimination por linker no cuantificada)","license-mit"
"cargo","windows-sys","0.61.2","MIT OR Apache-2.0","Cargo compiler-artifact release opt_level=3 lib; runtime contributor (elimination por linker no cuantificada)","license-mit"
"cargo","windows-sys","0.59.0","MIT OR Apache-2.0","Cargo compiler-artifact release opt_level=3 lib; runtime contributor (elimination por linker no cuantificada)","license-mit"
"cargo","windows-sys","0.60.2","MIT OR Apache-2.0","Cargo compiler-artifact release opt_level=3 lib; runtime contributor (elimination por linker no cuantificada)","license-mit"
"cargo","windows-targets","0.52.6","MIT OR Apache-2.0","Cargo compiler-artifact release opt_level=3 lib; runtime contributor (elimination por linker no cuantificada)","license-mit"
"cargo","windows-targets","0.53.5","MIT OR Apache-2.0","Cargo compiler-artifact release opt_level=3 lib; runtime contributor (elimination por linker no cuantificada)","license-mit"
"cargo","windows-threading","0.1.0","MIT OR Apache-2.0","Cargo compiler-artifact release opt_level=3 lib; runtime contributor (elimination por linker no cuantificada)","license-mit"
"cargo","windows-version","0.1.7","MIT OR Apache-2.0","Cargo compiler-artifact release opt_level=3 lib; runtime contributor (elimination por linker no cuantificada)","license-mit"
"cargo","winnow","1.0.4","MIT","Cargo compiler-artifact release opt_level=3 lib; runtime contributor (elimination por linker no cuantificada)","LICENSE-MIT"
"cargo","winreg","0.55.0","MIT","Cargo compiler-artifact release opt_level=3 lib; runtime contributor (elimination por linker no cuantificada)","LICENSE"
"cargo","writeable","0.6.4","Unicode-3.0","Cargo compiler-artifact release opt_level=3 lib; runtime contributor (elimination por linker no cuantificada)","LICENSE"
"cargo","wry","0.55.1","Apache-2.0 OR MIT","Cargo compiler-artifact release opt_level=3 lib; runtime contributor (elimination por linker no cuantificada)","LICENSE-MIT; LICENSE.spdx"
"cargo","xz2","0.1.7","MIT/Apache-2.0","Cargo compiler-artifact release opt_level=3 lib; runtime contributor (elimination por linker no cuantificada)","LICENSE-MIT"
"cargo","yoke","0.8.3","Unicode-3.0","Cargo compiler-artifact release opt_level=3 lib; runtime contributor (elimination por linker no cuantificada)","LICENSE"
"cargo","zerocopy","0.8.56","BSD-2-Clause OR Apache-2.0 OR MIT","Cargo compiler-artifact release opt_level=3 lib; runtime contributor (elimination por linker no cuantificada)","LICENSE-BSD; LICENSE-MIT"
"cargo","zerofrom","0.1.8","Unicode-3.0","Cargo compiler-artifact release opt_level=3 lib; runtime contributor (elimination por linker no cuantificada)","LICENSE"
"cargo","zeroize","1.9.0","Apache-2.0 OR MIT","Cargo compiler-artifact release opt_level=3 lib; runtime contributor (elimination por linker no cuantificada)","LICENSE-MIT"
"cargo","zerotrie","0.2.5","Unicode-3.0","Cargo compiler-artifact release opt_level=3 lib; runtime contributor (elimination por linker no cuantificada)","LICENSE"
"cargo","zerovec","0.11.8","Unicode-3.0","Cargo compiler-artifact release opt_level=3 lib; runtime contributor (elimination por linker no cuantificada)","LICENSE"
"cargo","zip","2.4.2","MIT","Cargo compiler-artifact release opt_level=3 lib; runtime contributor (elimination por linker no cuantificada)","LICENSE"
"cargo","zmij","1.0.23","MIT","Cargo compiler-artifact release opt_level=3 lib; runtime contributor (elimination por linker no cuantificada)","LICENSE-MIT"
"cargo","zopfli","0.8.3","Apache-2.0","Cargo compiler-artifact release opt_level=3 lib; runtime contributor (elimination por linker no cuantificada)","COPYING"
"cargo","zstd","0.13.3","MIT","Cargo compiler-artifact release opt_level=3 lib; runtime contributor (elimination por linker no cuantificada)","LICENSE"
"cargo","zstd-safe","7.2.4","MIT OR Apache-2.0","Cargo compiler-artifact release opt_level=3 lib; runtime contributor (elimination por linker no cuantificada)","LICENSE; LICENSE.Mit"
"cargo","zstd-sys","2.0.16+zstd.1.5.7","MIT/Apache-2.0","Cargo compiler-artifact release opt_level=3 lib; runtime contributor (elimination por linker no cuantificada)","LICENSE; LICENSE.BSD-3-Clause; LICENSE.Mit"
"npm","react","19.2.8","MIT","importaciones de produccion + JS/worker real","LICENSE"
"npm","react-dom","19.2.8","MIT","importaciones de produccion + JS/worker real","LICENSE"
"npm","scheduler","0.27.0","MIT","importaciones de produccion + JS/worker real","LICENSE"
"npm","pdfjs-dist","6.3.289","Apache-2.0","importaciones de produccion + JS/worker real","LICENSE"
"npm","@tauri-apps/api","2.11.1","Apache-2.0 OR MIT","importaciones de produccion + JS/worker real","LICENSE_MIT"
"npm","@tauri-apps/plugin-dialog","2.7.2","MIT OR Apache-2.0","importaciones de produccion + JS/worker real","LICENSE.spdx"
"npm","@tauri-apps/plugin-opener","2.5.4","MIT OR Apache-2.0","importaciones de produccion + JS/worker real","LICENSE.spdx"
